100, 101, 102, 103, 104, 105,
Gibson;Terry;8571244,Kelly;Erika;4506652,Simon;Sherman;3095041,Griffith;Wayne;2556615,Washington;Drew;5765322,Salazar;Jake;9762270,
Walsh;Damon;8439439,Martinez;Joy;4759984,Hogan;Hope;9537320,Caldwell;Andrew;2684870,Ross;Matthew;5044345,Wells;Neal;4759527,
Ruiz;Rickey;8293525,Cummings;Stuart;5167942,Ward;Stella;4441415,Adams;Alan;3864765,Hampton;Katherine;6744221,Underwood;Jodi;7559499,
Drake;Audrey;9876091,Dunn;Myrtle;8545439,Copeland;Eddie;3626933,Gutierrez;Ricardo;4582438,Lynch;Alexander;7284662,Harris;Ricky;2565874,
King;Jacob;3032083,Gregory;Homer;6970540,Wong;Marion;8970889,Boyd;Morris;5010911,Myers;Amelia;1051759,Terry;Myron;9193841,
Miles;Tomas;2296022,Ferguson;Justin;5248363,Hunt;Alberto;7185807,Perez;Kyle;3974832,Davis;Johanna;3814255,Cunningham;Michael;6391357,
Clarke;Hilda;1155665,Zimmerman;Cecelia;6324623,Malone;Austin;1411891,Torres;Aubrey;8438056,Perry;Marshall;6098245,Stone;Lora;7701229,
Welch;Terence;6201340,Ramirez;Josefina;7332043,Franklin;Joann;7894588,Richardson;Angela;7335429,Nunez;Lee;5159957,Garcia;Ramon;2082460,
Dean;Daisy;1555368,Brewer;Frankie;5274896,Valdez;Cecil;1043679,Webb;Michelle;4455669,Barnes;Joanne;1384897,Sharp;Susie;2753901,
Roberts;Wesley;6324184,Patterson;Jonathan;7235714,Diaz;Charles;1605931,Paul;Sara;8830554,Mcdonald;Elijah;7190455,Sanchez;Frank;5515259,
Pearson;Elizabeth;6985713,Curtis;Marc;1058210,Reed;Wade;2475023,Mcgee;Edward;6986084,Payne;Derek;9126934,Green;Kendra;6467212,
Butler;Andre;9642135,Harvey;Kerry;2347421,Ramsey;Christina;2135115,Soto;Stacy;3614077,Leonard;Nancy;9303823,Walton;Levi;7375358,
Gonzales;Betsy;4986482,Colon;Clifford;5689152,Hall;Troy;9336864,Tyler;Brent;7286897,Hamilton;Craig;7235644,Watkins;Harold;8461187,
Saunders;Toby;8588664,Mathis;Lauren;2977694,Jenkins;Josh;1359788,Hansen;Jill;3710752,Ellis;Billie;5649364,Mullins;Glenda;7382194,
Cain;Stephanie;3019135,Brock;Tasha;2934830,Ballard;Verna;2752650,James;Jenny;5008241,Santos;Rosie;6017714,Page;Aaron;6747478,
Mccoy;Cynthia;7440279,Peters;Jessica;8645739,Keller;Bridget;3495466,Jefferson;Courtney;1930538,Jordan;Glenn;2491996,Pittman;Raul;9807076,
Brady;Hazel;6619115,Patton;Luther;3315970,Moody;Leslie;1887592,Shaw;Gilberto;4556039,Houston;Henrietta;9627910,Steele;Rickey;1566339,
Malone;Leslie;3103685,Hammond;Tina;7318833,Dixon;Renee;1915287,Ray;Alberta;2841809,May;Gladys;4526152,Wolfe;Rosie;9186270,
Bridges;Vickie;4734895,Gill;Allan;7941480,Lane;Maxine;7744313,Kelley;Jack;6159009,Rice;Adrian;4536962,Flowers;Charlotte;6671170,
Jackson;Guillermo;8101819,Taylor;Brad;7929839,Carr;Ernestine;7319066,Santos;Cody;2519331,Pittman;Roosevelt;7701790,Strickland;Eileen;8165709,
Sparks;Rick;5014224,Ramsey;Yvette;8758410,Griffith;Heather;8332097,Salazar;Bernice;1307820,Cook;Hilda;6737515,French;Ross;9897461,
Harrington;Emmett;9742187,Copeland;Alex;3506994,Norris;Sandra;9706065,Gibson;Calvin;7640680,Schmidt;Joseph;7449255,Mann;Carroll;1868271,
Collins;Loretta;1760184,Perez;Pedro;8465202,Poole;Clayton;9986268,Mcbride;Geoffrey;4708135,Briggs;Jane;1763773,Allen;Sean;9118274,
Hunt;Tom;5471654,Hughes;Candace;3648987,Stephens;Dianne;5857180,Carson;Cornelius;2157634,Wade;Jean;7979639,Warner;Erin;8749163,
Cox;Sarah;5262360,Lewis;Rochelle;3306208,Tate;Freda;6227718,Hill;Stephanie;7823407,Figueroa;Pete;6835486,Mcdonald;Tabitha;7714243,
Ryan;Ricky;9224838,Lindsey;Alfredo;1557696,Hart;Alonzo;7654289,Gilbert;Ramiro;2152181,Cobb;Derek;5651596,Mills;Julia;3788444,
Gregory;Robyn;9335772,Huff;Jon;6437842,Stone;Jessie;4611290,Cannon;Diana;6431987,Quinn;Inez;3731264,Santiago;Ellen;7169890,
Ortega;Harriet;5915742,Johnson;Vicky;4115799,Buchanan;Brett;7594980,Phillips;Stephen;5678164,Drake;Sue;8550589,Moore;Phillip;5524348,
Harper;Blanca;5147102,Powell;Misty;3331680,Becker;Woodrow;1545204,Morales;Fernando;1757355,Sutton;Benjamin;2684566,Clark;Lyle;9996259,
Blake;Jackie;7215317,James;Robert;7966651,Murray;Jana;6888366,Bowers;Toby;6496869,Lynch;Laverne;2505627,Pratt;Bert;3768834,
Wells;Lori;1149917,Mckinney;Alexis;7347824,Hall;Clay;4177211,Phelps;Terrance;9666265,Howard;Grant;3840803,Singleton;Saul;7285428,
Potter;Frederick;5361348,Estrada;Valerie;5564938,Gibbs;Dora;8309816,Ruiz;Darin;9992904,White;Sharon;2295611,Russell;Leona;4516941,
Fox;Clifton;7193004,Parker;Howard;1012109,Wilkins;Lowell;1160249,Ramirez;Kathy;4365242,Franklin;Gerardo;2422516,Graves;Mitchell;1377297,
Watson;Myrtle;7637441,Gonzalez;Angelo;5513938,Joseph;Lonnie;6157198,Ortiz;Jonathon;8909626,Reese;Shelley;9730744,Rowe;Rosemarie;8310743,
Gross;Johnny;6183261,Parsons;Ron;4289539,Parker;Craig;7061367,Schneider;Tomas;2715224,Nunez;Flora;1926733,Hampton;Patti;5425766,
Dawson;Janice;4766234,Holt;Jackie;7427368,Gordon;Earnest;5545056,Wade;Emanuel;7432539,Richardson;Ellen;7048127,Sparks;Roberta;5887953,
Reynolds;Lisa;3495067,Banks;Levi;3818060,Butler;Melody;8889491,Boyd;Malcolm;5604739,Brady;Ernest;5867871,Vega;Alfred;3931589,
Peterson;Gretchen;8759071,Lamb;Cameron;3224963,Ramirez;Gordon;7403700,Cummings;Pat;1446209,Chavez;Julie;9386839,Pena;Toni;6825491,
Little;Blake;6851031,Thompson;Roger;6214279,Montgomery;Pablo;9507582,Stewart;Tracy;9210093,Vaughn;Veronica;9846128,Sherman;Tyrone;9284811,
Blair;Ramiro;5937206,Green;Marcus;6997254,Hughes;Hattie;3689902,Herrera;Pamela;4576397,Ortega;Bernadette;6329625,Stone;Wade;9115800,
Payne;Andre;8469492,Perkins;Harry;4971815,Gibson;Adrienne;4530206,Fuller;Glenda;4255562,Ford;Emma;9395009,Logan;Clay;2530435,
Potter;Angel;1877126,Carroll;Merle;8413030,Brock;Ramona;7283940,Lawrence;Milton;1311209,Dunn;Ralph;5039529,Newton;Edwin;1300877,
Griffith;Donnie;6040638,Powers;Kenny;4674556,Johnson;Debra;7742889,Bennett;Doug;6848667,Kelly;Loretta;3683918,Gill;Roberto;5013906,
Maldonado;Jeffrey;9960602,Goodman;Rita;1931511,Terry;Holly;5473655,Morgan;Nicholas;5608041,Copeland;Ken;6772924,Lucas;Frances;7742955,
Hudson;Antonia;2109956,Ryan;Kristi;6461741,Shaw;Christie;1609833,Meyer;Lewis;8711722,Jennings;Lloyd;8342985,Thomas;Cecelia;7070358,
Carpenter;Muriel;1894340,Austin;Karla;8974690,Perry;Lucia;5668982,Morales;Marguerite;5228605,Cox;Dawn;8703498,Benson;Barry;9023434,
Glover;Lorena;4960944,Ferguson;Roosevelt;4085015,Singleton;Heidi;3971358,Moody;Phillip;6451577,Berry;Douglas;9621404,Kennedy;Sidney;7592764,
Doyle;Darryl;3192571,Ramos;Edmund;2380719,Santiago;Dave;2004667,Sandoval;Garrett;9677568,Welch;Alma;2338669,May;Claudia;3200307,
Young;Cathy;1252263,Waters;Erma;2990104,Mccarthy;Richard;7681737,Weaver;Stewart;1421897,Jacobs;Leland;1361524,Briggs;Jean;8550421,
Harper;Rebecca;5524518,Norton;Cindy;9365497,Barnes;Ethel;1366282,Fisher;Nettie;1979020,Howell;Stella;1751217,Yates;Eva;2875348,
Spencer;Karla;3978402,Johnson;Stacey;2578015,Frazier;Belinda;2095142,Ball;Orville;4182119,Abbott;Arturo;5830651,Norris;Leona;9811084,
Price;Jordan;3942586,Ramirez;Clifford;4122170,Massey;Alexandra;2225926,Duncan;Elias;7600321,Cox;Dora;8316598,Patterson;Courtney;5784668,
Pierce;Terry;7115144,Ramsey;Neil;4148482,Alvarado;Sidney;7687695,Peterson;Kimberly;9049759,Lamb;Shaun;6681553,Elliott;Delores;9072915,
Burke;Louis;2738595,Pearson;Annie;3813665,Mckenzie;Ricky;7269055,Goodman;Phyllis;4731705,Davidson;Kendra;4128363,Mckinney;Dana;7052152,
Barnes;Derrick;6607705,Walters;Allen;7831127,Bowen;Ramiro;8041748,Freeman;Jaime;4275501,Gonzales;Rhonda;5964261,Berry;Misty;8253697,
Fields;Lori;4196577,Murphy;Danny;6319992,Barker;Mandy;1230341,Mendez;Tracey;3574241,Zimmerman;Marvin;3587229,Black;Hugh;1709059,
Tran;Connie;6325873,Lopez;Sonja;6690027,Greer;Terrance;5997941,Roberts;Armando;5679213,Marsh;Preston;8445337,Bradley;Joshua;5814764,
Caldwell;Marion;5990020,Walker;Fredrick;9234303,Brown;Darnell;1902554,Peters;Oscar;3235192,Walton;Bobby;8465204,Holmes;Julia;9100480,
Phillips;Kurt;8532581,Arnold;Beverly;1493375,Medina;Sheldon;2661927,Paul;Tony;2461556,Graham;Shannon;1328851,Lee;Florence;3519423,
Sharp;Lynn;5715218,Pope;Lola;7942528,Hodges;Randal;8520927,Byrd;Francis;9596573,Nash;Stuart;2403412,Moody;Pat;9592666,
Briggs;Camille;6898494,Hall;Guillermo;5278038,Mcdonald;Charlotte;7203183,Grant;Terence;3052555,Williams;Myron;5989082,Sutton;Jan;1012321,
Barnett;Lucas;2538850,Foster;Annette;7379596,Parks;Minnie;1792656,Wilson;Cecil;6844533,Ford;Homer;7727924,Santiago;Gloria;2234774,
Buchanan;Marcella;3555129,Cunningham;Wallace;1878310,Collins;Christie;9336020,Brock;Bruce;3990546,Harmon;Tina;2718176,Lewis;Lela;3359575,
Francis;Barbara;5810235,Carr;Ben;7926035,Carson;Nora;9722733,Potter;Beulah;4820581,Murray;Vincent;4243631,Moreno;Chris;6435398,
Logan;Janis;4754955,Ortega;Kim;2642228,Banks;Orlando;8890711,Garrett;Gilberto;7601698,Morgan;Mathew;3826974,Conner;Gayle;5105123,
Summers;Harriet;2829025,Lucas;Pearl;2391969,Hanson;Matthew;6724146,Reid;Kari;4187458,Copeland;Forrest;1045177,Jimenez;Jamie;2838225,
Knight;Jody;5216573,Simmons;Kellie;6415372,Drake;Jeffrey;2563001,Thornton;Patrick;8059748,,,